<?xml version="1.0" encoding="ISO-8859-1" standalone="yes"?>

<glsl_hacker>
	
  <window name="win3d01" title="Very simple GLSL demo (GL2)" width="800" height="400"
          gl_version_major="2" gl_version_minor="1" />
  
  
  <gpu_program name="gpu_prog_01" >
    <raw_data_vs><![CDATA[	 
void main()
{
	gl_Position = gl_ModelViewProjectionMatrix * gl_Vertex;		
}
  ]]></raw_data_vs>
    <raw_data_ps><![CDATA[	 
void main (void)
{
  gl_FragColor = vec4(1.0, 0.0, 0.0, 1.0);
}
    ]]></raw_data_ps>
  </gpu_program>
  

  
  
	<script name="init_scene" run_mode="INIT" >
		<raw_data><![CDATA[	
    
winW, winH = gh_window.getsize(0)

font_a = gh_utils.font_create("Tahoma", 14)


-- A perspective camera for the 3D scene (torus + background quad)
-- The first three params are the position and the last three params are the lookat point.
camera = gh_camera.create_perspective(0, 10, 20, 0, 0, 0)

glsl_prog = gh_node.getid("gpu_prog_01")

mesh_quad = gh_mesh.create_quad(30, 15)
gh_object.use_gl2_vertex_array(mesh_quad, 1) -- *** Old OpenGL... ***

gh_renderer.set_vsync(1)
gh_renderer.set_depth_test_state(1)


		]]></raw_data>
	</script> 
  
	<script name="update_scene" run_mode="FRAME" >
		<raw_data><![CDATA[	

elapsed_time = gh_utils.get_elapsed_time()

gh_camera.bind(camera)

gh_renderer.clear_color_depth_buffers(0.2, 0.2, 0.2, 1.0, 1.0)

gh_gpu_program.bind(glsl_prog)

gh_object.set_euler_angles(mesh_quad, 0, elapsed_time*50, 0)
gh_object.render(mesh_quad)

gh_gpu_program.bind(0) -- Disabling any gpu program for font rendering.

gh_utils.font_render(font_a, 10, 20, 0.2, 1.0, 0.0, 1.0, "GLSL Hacker demo - Simple GLSL program (GL2)")

		]]></raw_data>
	</script> 
	

	<script name="resize_scene" run_mode="SIZE" >
		<raw_data><![CDATA[	

winW, winH = gh_window.getsize(0)

aspect = 1.333
if (winH > 0) then
  aspect = winW / winH
end  
gh_camera.update_persp(camera, 60, aspect, 0.1, 1000.0)
gh_camera.set_viewport(camera, 0, 0, winW, winH)

gh_utils.font_set_viewport_info(font_a, 0, 0, winW, winH)

		]]></raw_data>
	</script> 
  
  
</glsl_hacker>
