<?xml version="1.0" encoding="ISO-8859-1" standalone="yes"?>

<glsl_hacker>
	
  <window name="win3d01" title="Very simple demo" width="800" height="400"
          gl_version_major="2" gl_version_minor="1" />
  
  
	<script name="init_scene" run_mode="INIT" >
		<raw_data><![CDATA[	
    
winW, winH = gh_window.getsize(0)
font = gh_utils.font_create("Tahoma", 14)

		]]></raw_data>
	</script> 
  
	<script name="update_scene" run_mode="FRAME" >
		<raw_data><![CDATA[	

elapsed_time = gh_utils.get_elapsed_time()
gh_renderer.clear_color_buffer(0.2, 0.2, 0.2, 1.0)
gh_utils.font_render(font, 10, 20, 0.2, 1.0, 0.0, 1.0, "Hello World from GLSL Hacker!")
gh_utils.font_render(font, 10, 60, 0.6, 0.6, 0.0, 1.0, string.format("Elapsed time: %.3f sec.", elapsed_time))

		]]></raw_data>
	</script> 
	

	<script name="resize_scene" run_mode="SIZE" >
		<raw_data><![CDATA[	
winW, winH = gh_window.getsize(0)
gh_utils.font_set_viewport_info(font, 0, 0, winW, winH)
		]]></raw_data>
	</script> 
  
  
</glsl_hacker>
