<?xml version="1.0" encoding="ISO-8859-1" standalone="yes"?>

<!--

More information on this geometry shader demo:
- http://www.geeks3d.com/20111111/simple-introduction-to-geometry-shaders-glsl-opengl-tutorial-part1/

-->

<glsl_hacker>
	
  <window name="win3d01" title="GLSL Hacker - Geometry shaders (OpenGL 3.2)" 
          width="800" height="600" 
          gl_version_major="3" gl_version_minor="2" />
  
  
  <gpu_program name="geometry_shader_prog" >
    <raw_data_vs><![CDATA[	 
#version 140
in vec4 gxl3d_Position;
uniform mat4 gxl3d_ModelViewProjectionMatrix;
void main()
{
  gl_Position = gxl3d_ModelViewProjectionMatrix * gxl3d_Position;
}
  ]]></raw_data_vs>
  
    <raw_data_gs><![CDATA[	 
#version 150
layout(triangles) in;
layout(triangle_strip, max_vertices=3) out;
void main()
{
  for(int i=0; i<3; i++)
  {
    gl_Position = gl_in[i].gl_Position;
    EmitVertex();
  }
  EndPrimitive();
}
  ]]></raw_data_gs>

  <raw_data_ps><![CDATA[	 
#version 140
precision highp float;
out vec4 Out_Color;
void main()
{
  Out_Color = vec4(1.0, 0.0, 0.0, 1.0);
}
    ]]></raw_data_ps>
  </gpu_program>
  
 
  
	<script name="init_scene" run_mode="INIT" >
		<raw_data><![CDATA[	

winW, winH = gh_window.getsize(0)

font_a = gh_utils.font_create("Tahoma", 14)
gh_utils.font_set_viewport_info(font_a, 0, 0, winW, winH)

camera = gh_camera.create_perspective(0, 10, 20, 0, 0, 0)

gs_prog = gh_node.getid("geometry_shader_prog")

mesh_quad = gh_mesh.create_quad(30, 15)

gh_renderer.set_vsync(0)
gh_renderer.set_scissor_state(1)
gh_renderer.set_depth_test_state(1)


RENDERER_POLYGON_FACE_BACK = 0
RENDERER_POLYGON_FACE_FRONT = 1
RENDERER_POLYGON_FACE_BACK_FRONT = 2

RENDERER_POLYGON_MODE_POINT = 0
RENDERER_POLYGON_MODE_LINE = 1
RENDERER_POLYGON_MODE_SOLID = 2


		]]></raw_data>
	</script> 

 
	<script name="update_scene" run_mode="FRAME" >
		<raw_data><![CDATA[	

elapsed_time = gh_utils.get_elapsed_time()

gh_camera.bind(camera)

gh_renderer.clear_color_depth_buffers(0.2, 0.2, 0.2, 1.0, 1.0)


gh_renderer.rasterizer_set_polygon_mode(RENDERER_POLYGON_FACE_BACK_FRONT, RENDERER_POLYGON_MODE_LINE)
gh_renderer.rasterizer_apply_states()


gh_gpu_program.bind(gs_prog)

gh_object.set_euler_angles(mesh_quad, 0, elapsed_time*50, 0)
gh_object.render(mesh_quad)


gh_renderer.rasterizer_set_polygon_mode(RENDERER_POLYGON_FACE_BACK_FRONT, RENDERER_POLYGON_MODE_SOLID)
gh_renderer.rasterizer_apply_states()


gh_utils.font_render(font_a, 10, 20, 0.2, 1.0, 0.0, 1.0, "GLSL Hacker demo - OpenGL 3.2 Geometry shader")


		]]></raw_data>
	</script> 
	

	<script name="resize_scene" run_mode="SIZE" >
		<raw_data><![CDATA[	

winW, winH = gh_window.getsize(0)

aspect = 1.333
if (winH > 0) then
  aspect = winW / winH
end  
gh_camera.update_persp(camera, 60, aspect, 0.1, 1000.0)
gh_camera.set_viewport(camera, 0, 0, winW, winH)

gh_utils.font_set_viewport_info(font_a, 0, 0, winW, winH)

		]]></raw_data>
	</script> 
  
  
</glsl_hacker>
